OBJECTID,site_id,Company,Corp,Site,State,PADD,AD_Mbpd,VDist_Mbpd,CaDis_Mbpd,HyCrk_Mbpd,VRedu_Mbpd,CaRef_Mbpd,Isal_Mbpd,HDS_Mbpd,Cokin_Mbpd,Asph_Mbpd,Source,Period_,Latitude,Longitude,Link_Impor,lng,lat
1,83,TOTAL PETROCHEMICALS & REFINING USA,TOTAL SA,Port Arthur,Texas,3,245,117,80,0,0,43,15.3,274.5,60,0,EIA-820 Refinery Capacity Report,As of Jan. 1 2021,29.96046,-93.88847,1,-93.88847,29.96046000000003
2,84,ALON USA ENERGY INC,DELEK GROUP LTD,Big Spring,Texas,3,74,28,23.5,0,0,21.5,5,61,0,7.6,EIA-820 Refinery Capacity Report,As of Jan. 1 2021,32.270992,-101.415073,0,-101.415073,32.27099200000006
3,87,MARATHON PETROLEUM CO LP,MARATHON PETROLEUM CORP,Catlettsburg,Kentucky,2,306,134,104,0,0,58,38.5,275.5,0,35.4,EIA-820 Refinery Capacity Report,As of Jan. 1 2021,38.376602,-82.596408,1,-82.59640799999995,38.376602000000005
4,89,MARATHON PETROLEUM CO LP,MARATHON PETROLEUM CORP,Canton,Ohio,2,102,35,26,0,0,22,8.5,94.5,0,14.8,EIA-820 Refinery Capacity Report,As of Jan. 1 2021,40.772929,-81.413878,1,-81.413878,40.772929000000005
5,92,ST PAUL PARK REFINING CO LLC,MARATHON PETROLEUM CORP,Saint Paul,Minnesota,2,108,50,33,0,0,23,22,110.5,0,14.6,EIA-820 Refinery Capacity Report,As of Jan. 1 2021,44.851007,-92.994345,1,-92.99434499999998,44.851007000000045
6,97,TESORO REFINING & MARKETING CO,MARATHON PETROLEUM CORP,Carson,California,5,382,205,102.5,92,0,79.5,70.3,302,109.1,0,EIA-820 Refinery Capacity Report,As of Jan. 1 2021,33.818578,-118.236677,1,-118.23667699999999,33.81857800000004
7,98,BP West Coast Products LLC,BP PLC,Ferndale,Washington,5,251,139,0,65,0,65,26,180.8,61.5,0,EIA-820 Refinery Capacity Report,As of Jan. 1 2021,48.884624,-122.734766,1,-122.73476599999996,48.88462400000001
8,99,CONOCOPHILLIPS ALASKA INC,CONOCOPHILLIPS,Prudhoe Bay,Alaska,5,16,0,0,0,0,0,0,0,0,0,EIA-820 Refinery Capacity Report,As of Jan. 1 2021,70.324832,-149.604069,0,-149.604069,70.32483200000003
9,100,HILCORP NORTH SLOPE LLC,HILCORP ENERGY CO,Prudhoe Bay,Alaska,5,8,0,0,0,0,0,0,0,0,0,EIA-820 Refinery Capacity Report,As of Jan. 1 2021,70.253586,-148.37813,0,-148.37812999999997,70.253586
10,110,CALUMET PRINCETON REFINING LLC,"CALUMET SPECIALTY PRODUCTS PARTNERS, L.P.",Princeton,Louisiana,3,8.7,7,0,0,0,0,0,0,0,2,EIA-820 Refinery Capacity Report,As of Jan. 1 2021,32.59107,-93.511874,0,-93.51187399999996,32.59107
11,111,CALUMET COTTON VALLEY REFINING LLC,"CALUMET SPECIALTY PRODUCTS PARTNERS, L.P.",Cotton Valley,Louisiana,3,14,0,0,0,0,0,0.5,6.5,0,0,EIA-820 Refinery Capacity Report,As of Jan. 1 2021,32.798531,-93.411128,0,-93.41112799999999,32.79853100000007
12,115,CHS MCPHERSON REFINERY INC,CHS INC,Mcpherson,Kansas,2,114.9,50,24.5,43,0,27,25.3,89.4,30.6,0,EIA-820 Refinery Capacity Report,As of Jan. 1 2021,38.341628,-97.67768,1,-97.67768,38.341628
13,116,Cenex Harvest States Coop,CHS INC,Laurel,Montana,4,63.5,32.2,16.5,0,0,12.5,5.3,62,16,19.8,EIA-820 Refinery Capacity Report,As of Jan. 1 2021,45.658374,-108.7681,1,-108.7681,45.658374000000066
14,119,CHEVRON USA INC,CHEVRON CORP,El Segundo,California,5,290.5,169.1,73.8,55,0,49,66.1,243.5,76.7,0,EIA-820 Refinery Capacity Report,As of Jan. 1 2021,33.911422,-118.410994,1,-118.41099399999995,33.91142199999999
15,120,CHEVRON USA INC,CHEVRON CORP,Richmond,California,5,257.2,123.5,90,103.4,0,71.3,85.9,382.2,0,0,EIA-820 Refinery Capacity Report,As of Jan. 1 2021,37.94978,-122.398665,1,-122.39866500000004,37.94978000000004
16,123,WESTERN REFINING COMPANY LP,MARATHON PETROLEUM CORP,El Paso,Texas,3,138,55.5,35,0,0,28,16.5,123,0,4,EIA-820 Refinery Capacity Report,As of Jan. 1 2021,31.767512,-106.395613,0,-106.395613,31.767512000000067
17,124,CHEVRON USA INC,CHEVRON CORP,Salt Lake City,Utah,4,57.6,27.9,15.5,0,0,9.1,7,50.3,10,0,EIA-820 Refinery Capacity Report,As of Jan. 1 2021,40.824744,-111.923936,1,-111.92393600000001,40.824743999999995
18,125,CHEVRON USA INC,CHEVRON CORP,Pascagoula,Mississippi,3,375.2,330,88,119,0,101.6,21.5,284.3,104,0,EIA-820 Refinery Capacity Report,As of Jan. 1 2021,30.344744,-88.489914,1,-88.48991400000001,30.344743999999974
19,147,DELEK REFINING LTD,DELEK GROUP LTD,Tyler,Texas,3,76,28,20.3,0,0,17.5,4.7,77,7.5,0,EIA-820 Refinery Capacity Report,As of Jan. 1 2021,32.360432,-95.281964,0,-95.281964,32.36043200000001
20,148,PASADENA REFINING SYSTEMS INC,CHEVRON CORP,Pasadena,Texas,3,115.7,38,52,0,0,23,12.5,84,0,0,EIA-820 Refinery Capacity Report,As of Jan. 1 2021,29.721442,-95.206799,1,-95.206799,29.72144200000006
21,150,Silver Eagle Refining,SILVER EAGLE REFINING INC,Woods Cross,Utah,4,15.7,7,0,0,0,0,0,4,0,0,EIA-820 Refinery Capacity Report,As of Jan. 1 2021,40.867508,-111.910603,1,-111.910603,40.86750799999998
22,153,THE SAN ANTONIO REFINERY LLC,STARLIGHT RELATIVITY ACQUISITION CO,San Antonio,Texas,3,21,0,0,0,0,6,0,15,0,0,EIA-820 Refinery Capacity Report,As of Jan. 1 2021,29.347637,-98.459995,1,-98.45999499999999,29.347637000000002
23,159,ERGON REFINING INC,ERGON INC,Vicksburg,Mississippi,3,27.3,18,0,0,0,0,0,23,0,10,EIA-820 Refinery Capacity Report,As of Jan. 1 2021,32.385998,-90.907845,1,-90.907845,32.38599800000007
24,161,EXXONMOBIL REFINING & SUPPLY CO,EXXON MOBIL CORP,Baton Rouge,Louisiana,3,542,254,244.5,27,0,80,41,549.1,123.5,0,EIA-820 Refinery Capacity Report,As of Jan. 1 2021,30.486272,-91.169797,1,-91.16979700000003,30.486272000000053
25,162,EXXONMOBIL REFINING & SUPPLY CO,EXXON MOBIL CORP,Billings,Montana,4,62.9,32.3,23.7,6.2,0,12.5,5.1,60.9,10,14.5,EIA-820 Refinery Capacity Report,As of Jan. 1 2021,45.814531,-108.434778,1,-108.434778,45.81453100000002
26,163,EXXONMOBIL REFINING & SUPPLY CO,EXXON MOBIL CORP,Baytown,Texas,3,584,297,228,29.9,0,127.5,41,794,96,0,EIA-820 Refinery Capacity Report,As of Jan. 1 2021,29.761431,-94.976798,1,-94.97679799999999,29.761431000000027
27,164,VALERO REFINING CO CALIFORNIA,VALERO ENERGY CORP,Benicia,California,5,149,85.5,75.3,34,0,37.2,21.3,169.3,29.5,9,EIA-820 Refinery Capacity Report,As of Jan. 1 2021,38.072007,-122.138319,1,-122.138319,38.07200699999996
28,168,COFFEYVILLE RESOURCES RFG & MKTG,CVR ENERGY,Coffeyville,Kansas,2,136,46,36,0,0,26,10,124,25,0,EIA-820 Refinery Capacity Report,As of Jan. 1 2021,37.049525,-95.605823,1,-95.60582300000003,37.04952500000007
29,176,BIG WEST OIL CO,FJ MANAGEMENT INC,North Salt Lake,Utah,4,33,0,12.5,0,0,8.5,8,23.3,0,0,EIA-820 Refinery Capacity Report,As of Jan. 1 2021,40.838556,-111.920665,0,-111.92066499999999,40.838556000000004
30,177,WYNNEWOOD REFINING CO,CVR ENERGY,Wynnewood,Oklahoma,2,78,40.3,22,18.2,0,18.7,5.5,67.5,0,7,EIA-820 Refinery Capacity Report,As of Jan. 1 2021,34.632945,-97.167756,0,-97.16775599999998,34.632945000000014
31,185,HOLLYFRONTIER NAVAJO REFINING LLC,HOLLYFRONTIER CORP,Artesia,New Mexico,3,124,34.3,30,18,0,24,9.5,118,0,7,EIA-820 Refinery Capacity Report,As of Jan. 1 2021,32.844821,-104.390979,1,-104.39097900000002,32.844821000000024
32,187,CALUMET MONTANA REFINING LLC,"CALUMET SPECIALTY PRODUCTS PARTNERS, L.P.",Great Falls,Montana,4,37,20,3,24,0,1.5,2.3,14.8,0,10,EIA-820 Refinery Capacity Report,As of Jan. 1 2021,47.523212,-111.295316,1,-111.29531599999999,47.523212000000036
33,190,HUNT REFINING CO,HUNT CONSLD INC,Tuscaloosa,Alabama,3,50,25,0,20.5,0,15.3,4.2,49.1,34,25,EIA-820 Refinery Capacity Report,As of Jan. 1 2021,33.200487,-87.611011,1,-87.61101099999999,33.20048700000004
34,191,VALERO REFINING CO CALIFORNIA,VALERO ENERGY CORP,Wilmington Asphalt Plant,California,5,6.5,5,0,0,0,0,0,0,0,3.5,EIA-820 Refinery Capacity Report,As of Jan. 1 2021,33.798301,-118.236861,1,-118.236861,33.798301000000045
35,202,KERN OIL & REFINING CO,KERN OIL & REFINING CO,Bakersfield,California,5,27,0,0,0,0,5.8,0,14,0,0,EIA-820 Refinery Capacity Report,As of Jan. 1 2021,35.294719,-118.917953,1,-118.91795299999995,35.29471899999997
36,203,Flint Hills Resources LP,KOCH INDUSTRIES INC,Saint Paul,Minnesota,2,375,234,96,67,0,50.8,32,336,82,45,EIA-820 Refinery Capacity Report,As of Jan. 1 2021,44.7633,-93.0391,1,-93.03909999999999,44.76330000000005
37,204,Flint Hills Resources LP,KOCH INDUSTRIES INC,Corpus Christi West,Texas,3,275,87.5,56.2,15,0,0,15.5,199,14.5,0,EIA-820 Refinery Capacity Report,As of Jan. 1 2021,27.832974,-97.525965,1,-97.525965,27.832974000000004
38,205,FLINT HILLS RESOURCES LP,KOCH INDUSTRIES INC,Corpus Christi East,Texas,3,75,0,48.8,0,0,0,0,96.5,0,0,EIA-820 Refinery Capacity Report,As of Jan. 1 2021,27.804365,-97.424842,1,-97.42484199999998,27.80436500000006
39,206,SHELL CHEMICAL LP,ROYAL DUTCH/SHELL GROUP,Saraland,Alabama,3,90.6,29,0,0,0,22,1.2,76,0,0,EIA-820 Refinery Capacity Report,As of Jan. 1 2021,30.7886,-88.0562,1,-88.0562,30.788600000000056
40,209,ULTRAMAR INC,VALERO ENERGY CORP,Wilmington Refinery,California,5,87,46,56.3,0,0,18,22,144,28.8,0,EIA-820 Refinery Capacity Report,As of Jan. 1 2021,33.779055,-118.233663,1,-118.23366299999998,33.779055000000064
41,217,VALERO REF COMPANY TENNESSEE LLC,VALERO ENERGY CORP,Memphis,Tennessee,2,185,0,70,26.5,0,36,12.7,129,0,0,EIA-820 Refinery Capacity Report,As of Jan. 1 2021,35.084704,-90.082597,1,-90.08259699999999,35.08470400000004
42,223,PAULSBORO REFINING CO LLC,PBF ENERGY CO LLC,Paulsboro,New Jersey,1,105,86,0,0,0,0,0,61.1,0,21,EIA-820 Refinery Capacity Report,As of Jan. 1 2021,39.840304,-75.257767,1,-75.257767,39.84030399999998
43,225,EXXONMOBIL REFINING & SUPPLY CO,EXXON MOBIL CORP,Beaumont,Texas,3,384.4,148.8,115,70,0,143.5,59.9,347.1,46.5,0,EIA-820 Refinery Capacity Report,As of Jan. 1 2021,30.064923,-94.074933,1,-94.07493299999997,30.064923000000064
44,226,TORRANCE REFINING CO LLC,PBF ENERGY CO LLC,Torrance,California,5,166.2,102.3,103.6,28.3,0,20,30,153.4,62,0,EIA-820 Refinery Capacity Report,As of Jan. 1 2021,33.853208,-118.332317,1,-118.33231699999996,33.85320800000004
45,227,EXXONMOBIL REFINING & SUPPLY CO,EXXON MOBIL CORP,Joliet,Illinois,2,275,126.7,99.3,0,0,52.6,29.1,259.8,57.5,15.1,EIA-820 Refinery Capacity Report,As of Jan. 1 2021,41.41471,-88.183309,1,-88.18330899999997,41.414709999999985
46,228,Chalmette Refining LLC,PBF ENERGY CO LLC,Chalmette,Louisiana,3,197,169,75.6,0,0,52.7,16.8,188.6,42,15,EIA-820 Refinery Capacity Report,As of Jan. 1 2021,29.935151,-89.974393,1,-89.97439299999999,29.935151000000083
47,237,VALERO REFINING - MERAUX LLC,VALERO ENERGY CORP,Meraux,Louisiana,3,128,60,0,48.7,0,32,0,95,0,0,EIA-820 Refinery Capacity Report,As of Jan. 1 2021,29.933813,-89.941198,1,-89.94119800000001,29.933813000000008
48,238,SUPERIOR REFINING COMPANY LLC,HUSKY ENERGY INC,Superior,Wisconsin,2,50,23.5,11.3,0,0,9.3,1.7,40.5,0,16,EIA-820 Refinery Capacity Report,As of Jan. 1 2021,46.690572,-92.067312,1,-92.06731199999999,46.69057200000004
49,244,CALUMET SHREVEPORT REFINING LLC,"CALUMET SPECIALTY PRODUCTS PARTNERS, L.P.",Shreveport,Louisiana,3,60,28,0,0,0,12,0,52.3,0,6.5,EIA-820 Refinery Capacity Report,As of Jan. 1 2021,32.467561,-93.792592,0,-93.79259200000001,32.46756100000005
50,255,WRB REFINING LP,WRB REFINING LP,Borger,Texas,3,157,80,56,0,0,31.3,60,187.4,28.4,0,EIA-820 Refinery Capacity Report,As of Jan. 1 2021,35.693187,-101.365597,1,-101.365597,35.69318700000007
51,256,PHILLIPS 66 COMPANY,PHILLIPS 66 COMPANY,Sweeny,Texas,3,278.9,132.1,111,0,0,42.1,31.7,378.6,78.7,0,EIA-820 Refinery Capacity Report,As of Jan. 1 2021,29.077881,-95.747538,1,-95.747538,29.077880999999977
52,257,HOLLYFRONTIER WOODS CROSS REFINING L,HOLLYFRONTIER CORP,Woods Cross,Utah,4,41.4,0,17.5,15,0,8.4,8.3,26.2,0,1.8,EIA-820 Refinery Capacity Report,As of Jan. 1 2021,40.886581,-111.904823,1,-111.90482300000001,40.88658100000002
53,262,PLACID REFINING CO,PLACID OIL CO,Port Allen,Louisiana,3,82.5,27,25.5,0,0,11.5,7.5,57,0,0,EIA-820 Refinery Capacity Report,As of Jan. 1 2021,30.477376,-91.210811,0,-91.210811,30.477376000000042
54,266,ERGON WEST VIRGINIA INC,ERGON INC,Newell,West Virginia,1,23,8.6,0,0,0,4.7,0,24.1,0,0.7,EIA-820 Refinery Capacity Report,As of Jan. 1 2021,40.610826,-80.629399,0,-80.62939899999999,40.610826000000024
55,271,SAN JOAQUIN REFINING CO INC,SAN JOAQUIN REFINING CO INC,Bakersfield,California,5,25,14.3,0,0,5,0,0,5.4,0,8,EIA-820 Refinery Capacity Report,As of Jan. 1 2021,35.38733,-119.047922,0,-119.047922,35.387329999999984
56,275,WRB REFINING LP,WRB REFINING LP,Wood River,Illinois,2,367.5,196.5,101,57.2,0,79.7,21.8,281.4,83.7,28,EIA-820 Refinery Capacity Report,As of Jan. 1 2021,38.845944,-90.067283,1,-90.06728300000003,38.845944000000024
57,276,SHELL OIL PRODUCTS US,ROYAL DUTCH/SHELL GROUP,Norco,Louisiana,3,250,91.3,118.8,44,0,40,18.1,189,28.5,0,EIA-820 Refinery Capacity Report,As of Jan. 1 2021,30.001717,-90.40413,1,-90.40413000000001,30.001717000000024
58,278,TESORO REFINING & MARKETING CO,MARATHON PETROLEUM CORP,Anacortes,Washington,5,120,47,54.5,0,0,28.5,23.5,101,0,0,EIA-820 Refinery Capacity Report,As of Jan. 1 2021,48.494369,-122.562522,1,-122.56252199999996,48.494369000000056
59,279,MARTINEZ REFINING CO LLC,PBF ENERGY CO LLC,Martinez,California,5,157,101,72,42.9,0,31,27.8,262.5,49.3,0,EIA-820 Refinery Capacity Report,As of Jan. 1 2021,38.019952,-122.111017,1,-122.11101700000002,38.019952000000075
60,287,BP-HUSKY REFINING LLC,BP HUSKY REFINING LLC,Toledo,Ohio,2,160,72.5,55,31.8,0,42,11.5,117.5,36,9,EIA-820 Refinery Capacity Report,As of Jan. 1 2021,41.680021000000004,-83.453963,1,-83.45396299999999,41.68002099999999
61,288,LIMA REFINING COMPANY,HUSKY ENERGY INC,Lima,Ohio,2,185,57,45.3,26,0,55,23.2,158,23,0,EIA-820 Refinery Capacity Report,As of Jan. 1 2021,40.715965,-84.12464,1,-84.12464000000003,40.715965000000025
62,289,PHILLIPS 66 COMPANY,PHILLIPS 66 COMPANY,Belle Chasse,Louisiana,3,269.1,104.2,107,0,0,48.5,35,197.7,26,0,EIA-820 Refinery Capacity Report,As of Jan. 1 2021,29.684405,-89.979839,1,-89.97983899999997,29.684405000000023
63,297,BP PRODUCTS NORTH AMERICA INC,BP PLC,Whiting,Indiana,2,440,276.2,184,0,0,67,59.9,579.2,102,29.5,EIA-820 Refinery Capacity Report,As of Jan. 1 2021,41.668103,-87.480268,1,-87.48026799999995,41.66810299999998
64,300,TESORO REFINING & MARKETING CO,MARATHON PETROLEUM CORP,Mandan,North Dakota,2,74,0,30.6,0,0,12.5,4.8,60.3,0,0,EIA-820 Refinery Capacity Report,As of Jan. 1 2021,46.849832,-100.883767,0,-100.883767,46.84983200000005
65,301,MARATHON PETROLEUM CO LP,MARATHON PETROLEUM CORP,Galveston Bay,Texas,3,625,259.5,205.5,163,0,144.5,61,429.5,33,0,EIA-820 Refinery Capacity Report,As of Jan. 1 2021,29.374692,-94.933456,1,-94.93345599999999,29.374691999999996
66,302,TESORO REFINING & MARKETING CO,MARATHON PETROLEUM CORP,Salt Lake City,Utah,4,66.5,0,24.5,0,0,11.5,7.5,42,0,0,EIA-820 Refinery Capacity Report,As of Jan. 1 2021,40.792315,-111.905455,1,-111.90545499999996,40.792314999999995
67,308,TOLEDO REFINING CO LLC,PBF ENERGY CO LLC,Toledo,Ohio,2,180,0,82,52,0,51.8,10,149.9,0,0,EIA-820 Refinery Capacity Report,As of Jan. 1 2021,41.62889,-83.50492,1,-83.50492,41.62889000000005
68,309,HOLLYFRONTIER TULSA REFINING LLC,HOLLYFRONTIER CORP,Tulsa West,Oklahoma,2,91,32,0,0,0,0,0.9,49.6,11,6.5,EIA-820 Refinery Capacity Report,As of Jan. 1 2021,36.139133,-96.022697,1,-96.02269699999995,36.13913300000007
69,314,TESORO ALASKA COMPANY LLC,MARATHON PETROLEUM CORP,Kenai,Alaska,5,72,26,0,13,0,13.5,5,24.5,0,9.5,EIA-820 Refinery Capacity Report,As of Jan. 1 2021,60.682335,-151.376675,1,-151.37667499999998,60.68233500000004
70,317,HOLLYFRONTIER EL DORADO REFINING LLC,HOLLYFRONTIER CORP,El Dorado,Kansas,2,165,65,44,0,0,31,30.5,193,22.5,4,EIA-820 Refinery Capacity Report,As of Jan. 1 2021,37.797473,-96.872662,1,-96.87266200000002,37.797473
71,322,Shell Oil Products US,ROYAL DUTCH/SHELL GROUP,Anacortes,Washington,5,149,65.8,57.9,0,0,21.7,12.5,130.5,25.3,0,EIA-820 Refinery Capacity Report,As of Jan. 1 2021,48.470693,-122.556244,1,-122.55624399999999,48.47069300000002
72,329,US OIL & REFINING CO,PAR PETROLEUM INC,Tacoma,Washington,5,42,19.2,0,0,0,6.8,4.5,18.9,0,8.7,EIA-820 Refinery Capacity Report,As of Jan. 1 2021,47.255786,-122.397126,1,-122.39712599999997,47.255786000000015
73,333,PHILLIPS 66 COMPANY,PHILLIPS 66 COMPANY,Ferndale,Washington,5,110.5,48.1,38,0,0,18.5,15.6,91.3,0,0,EIA-820 Refinery Capacity Report,As of Jan. 1 2021,48.830501,-122.696618,1,-122.69661799999999,48.83050100000002
74,335,PHILLIPS 66 COMPANY,PHILLIPS 66 COMPANY,Linden,New Jersey,1,272.1,75,145,0,0,37,22.8,191,0,0,EIA-820 Refinery Capacity Report,As of Jan. 1 2021,40.635876,-74.22235,1,-74.22234999999998,40.63587599999999
75,336,MONROE ENERGY LLC,DELTA AIR LINES INC,Trainer,Pennsylvania,1,208,73,53,23,0,50,12,190.6,0,0,EIA-820 Refinery Capacity Report,As of Jan. 1 2021,39.819143,-75.403896,1,-75.40389599999999,39.81914300000004
76,339,VALERO REFINING CO OKLAHOMA,VALERO ENERGY CORP,Ardmore,Oklahoma,2,88,32,30,14,0,20.5,7,113,0,14.7,EIA-820 Refinery Capacity Report,As of Jan. 1 2021,34.2044,-97.101794,1,-97.10179399999996,34.204399999999964
77,340,SUNCOR ENERGY (USA) INC,SUNCOR ENERGY INC,Commerce City East,Colorado,4,38.7,8.5,9.5,0,0,11,0,11,0,0,EIA-820 Refinery Capacity Report,As of Jan. 1 2021,39.801794,-104.944705,1,-104.94470500000003,39.80179399999998
78,342,PHILLIPS 66 COMPANY,PHILLIPS 66 COMPANY,Rodeo,California,5,128,93.2,0,69,0,34,13.8,62.5,51,0,EIA-820 Refinery Capacity Report,As of Jan. 1 2021,38.043474,-122.255632,1,-122.255632,38.043474000000074
79,343,PHILLIPS 66 COMPANY,PHILLIPS 66 COMPANY,Wilmington,California,5,147,83.4,51.6,27.5,0,36.2,35.8,151.2,53.2,0,EIA-820 Refinery Capacity Report,As of Jan. 1 2021,33.810856,-118.243473,1,-118.243473,33.810855999999994
80,351,VALERO REFINING CO TEXAS LP,VALERO ENERGY CORP,Corpus Christi,Texas,3,297,91,95.5,51,0,50,40.5,293.5,19,30.6,EIA-820 Refinery Capacity Report,As of Jan. 1 2021,27.816758,-97.484505,1,-97.48450499999998,27.816758000000018
81,353,AMERICAN REFINING GROUP INC,AMERICAN REFINING GROUP INC,Bradford,Pennsylvania,1,11.8,0,0,0,0,2.2,0.8,8.7,0,0.6,EIA-820 Refinery Capacity Report,As of Jan. 1 2021,41.966715,-78.629424,0,-78.62942399999999,41.96671500000006
82,356,HERMES CONSOLIDATED LLC,PAR PETROLEUM INC,New Castle,Wyoming,4,18.5,0,7.5,0,0,4,1.3,10,0,0,EIA-820 Refinery Capacity Report,As of Jan. 1 2021,43.848521,-104.213903,0,-104.213903,43.848521000000034
83,362,FORELAND REFINING CORP,FORELAND REFINING CORP,Ely,Nevada,5,5,2.8,0,0,0,0,0,0,0,1.6,EIA-820 Refinery Capacity Report,As of Jan. 1 2021,38.621486,-115.617898,0,-115.61789799999997,38.62148600000003
84,363,PAR HAWAII REFINING LLC,PAR PETROLEUM INC,Kapolei,Hawaii,5,152,71,0,20,11,13.5,0,13,0,0,EIA-820 Refinery Capacity Report,As of Jan. 1 2021,21.303769,-158.0914,1,-158.09140000000002,21.303768999999964
85,381,COUNTRYMARK COOPERATIVE INC,COUNTRYMARK COOP INC,Mount Vernon,Indiana,2,30.8,14.5,8.8,0,0,6.5,5.4,31,0,3.7,EIA-820 Refinery Capacity Report,As of Jan. 1 2021,37.906028,-87.928877,0,-87.92887699999996,37.906028000000035
86,382,CROSS OIL REFINING & MARKETING INC,MARTIN RESOURCE MANAGEMENT GRP,Smackover,Arkansas,3,7.7,3.9,0,0,0,0,0,6,0,0.8,EIA-820 Refinery Capacity Report,As of Jan. 1 2021,33.363209,-92.712123,0,-92.71212299999999,33.36320899999998
87,385,DEER PARK REFINING LTD PARTNERSHIP,DEER PARK REFINING LTD PTNRSHP,Deer Park,Texas,3,340,180,80.1,60,0,68.5,21,309.1,96,0,EIA-820 Refinery Capacity Report,As of Jan. 1 2021,29.731441,-95.126797,1,-95.12679699999997,29.731441000000018
88,386,DIAMOND SHAMROCK REFINING CO LP,VALERO ENERGY CORP,Sunray,Texas,3,200,50,56,29,0,47,12.8,131.5,0,12,EIA-820 Refinery Capacity Report,As of Jan. 1 2021,35.95563,-101.880991,0,-101.88099100000001,35.95563000000003
89,387,DIAMOND SHAMROCK REFINING CO LP,VALERO ENERGY CORP,Three Rivers,Texas,3,91,33.5,23.8,28,0,33.5,10,80,0,0,EIA-820 Refinery Capacity Report,As of Jan. 1 2021,28.45921,-98.188265,1,-98.188265,28.45921000000008
90,391,SUNCOR ENERGY (USA) INC,SUNCOR ENERGY INC,Commerce City West,Colorado,4,73,25,21,0,0,10.9,0,76.4,0,13.2,EIA-820 Refinery Capacity Report,As of Jan. 1 2021,39.803311,-104.946497,1,-104.94649700000001,39.80331100000001
91,392,PHILLIPS 66 COMPANY,PHILLIPS 66 COMPANY,Westlake,Louisiana,3,273,125,51.6,0,0,48,34,267,65.2,6.5,EIA-820 Refinery Capacity Report,As of Jan. 1 2021,30.241215,-93.271135,1,-93.271135,30.241214999999983
92,393,PHILLIPS 66 COMPANY,PHILLIPS 66 COMPANY,Billings,Montana,4,69.5,45.1,24.5,0,0,9.2,11.3,81.2,18.3,0,EIA-820 Refinery Capacity Report,As of Jan. 1 2021,45.78057,-108.490143,1,-108.49014299999999,45.78057000000004
93,394,PHILLIPS 66 COMPANY,PHILLIPS 66 COMPANY,Ponca City,Oklahoma,2,226.7,89,76.9,0,0,49.3,17.6,240,27.4,0,EIA-820 Refinery Capacity Report,As of Jan. 1 2021,36.675939,-97.079264,1,-97.07926400000001,36.67593899999998
94,434,PREMCOR REFINING GROUP INC,VALERO ENERGY CORP,Port Arthur,Texas,3,415,220,75,134.8,0,55,19.5,331.3,103,0,EIA-820 Refinery Capacity Report,As of Jan. 1 2021,29.857368,-93.962546,1,-93.96254599999997,29.857367999999973
95,442,LION OIL CO,DELEK GROUP LTD,El Dorado,Arkansas,3,85,45,21,0,0,15.3,12.5,92.8,0,20.5,EIA-820 Refinery Capacity Report,As of Jan. 1 2021,33.199731,-92.673774,1,-92.67377400000002,33.199731000000064
96,444,HOUSTON REFINING LP,ACCESS INDUSTRIES,Houston,Texas,3,289,196.5,110,0,0,0,11.3,404.1,100.5,0,EIA-820 Refinery Capacity Report,As of Jan. 1 2021,29.701556,-95.251761,1,-95.25176099999999,29.70155600000003
97,461,PETRO STAR INC,ARCTIC SLOPE REGIONAL CORP,North Pole,Alaska,5,22.5,0,0,0,0,0,0,0,0,3,EIA-820 Refinery Capacity Report,As of Jan. 1 2021,64.85276,-147.748499,0,-147.74849900000004,64.85276000000006
98,462,PETRO STAR INC,ARCTIC SLOPE REGIONAL CORP,Valdez,Alaska,5,60,0,0,0,0,0,0,0,0,0,EIA-820 Refinery Capacity Report,As of Jan. 1 2021,61.081919,-146.381762,0,-146.381762,61.081919
99,465,CITGO PETROLEUM CORP,PDV AMERICA INC,Lake Charles,Louisiana,3,440,230,151,51.2,0,118.2,56.1,410.5,110,0,EIA-820 Refinery Capacity Report,As of Jan. 1 2021,30.181174,-93.332596,1,-93.33259599999997,30.18117400000008
100,478,CITGO REFINING & CHEMICAL INC,PDV AMERICA INC,Corpus Christi,Texas,3,175.6,85.3,70.7,0,0,51.5,24.4,272.4,45.1,0,EIA-820 Refinery Capacity Report,As of Jan. 1 2021,27.809474,-97.428434,1,-97.42843399999997,27.809474000000034
101,489,CALIFORNIA ASPHALT PRODUCTION INC,GREKA ENERGY,Santa Maria,California,5,10,10,0,0,0,0,0,0,0,6.3,EIA-820 Refinery Capacity Report,As of Jan. 1 2021,34.930191,-120.51108,0,-120.51107999999995,34.93019100000004
102,496,SINCLAIR WYOMING REFINING CO,SINCLAIR OIL CORP,Sinclair,Wyoming,4,92,51,22,16,0,13,5,74,20,8,EIA-820 Refinery Capacity Report,As of Jan. 1 2021,41.780163,-107.109511,1,-107.109511,41.78016300000004
103,497,HOLLYFRONTIER TULSA REFINING LLC,HOLLYFRONTIER CORP,Tulsa East,Oklahoma,2,75.5,27,27,0,0,25,18.5,99,0,15.2,EIA-820 Refinery Capacity Report,As of Jan. 1 2021,36.116749,-95.999949,1,-95.99994899999999,36.11674899999998
104,499,LITTLE AMERICA REFINING CO,SINCLAIR OIL CORP,Evansville,Wyoming,4,30,0,11,0,0,5,0,25.9,0,0,EIA-820 Refinery Capacity Report,As of Jan. 1 2021,42.858453,-106.242437,0,-106.24243699999998,42.85845300000003
105,501,ALON REFINING KROTZ SPRINGS INC,DELEK GROUP LTD,Krotz Springs,Louisiana,3,83,36.2,34,0,0,13,12.2,32,0,0,EIA-820 Refinery Capacity Report,As of Jan. 1 2021,30.526508,-91.748001,1,-91.748001,30.52650800000012
106,502,VALERO REFINING CO TEXAS LP,VALERO ENERGY CORP,Houston,Texas,3,210,38,75.2,71.9,0,0,28.9,60.5,0,0,EIA-820 Refinery Capacity Report,As of Jan. 1 2021,29.722805,-95.255585,1,-95.25558499999998,29.722805000000005
107,503,VALERO REFINING CO TEXAS LP,VALERO ENERGY CORP,Texas City,Texas,3,231,133.5,86,0,0,18.1,21.2,286,53.5,0,EIA-820 Refinery Capacity Report,As of Jan. 1 2021,29.378096,-94.895337,1,-94.89533699999996,29.378095999999996
109,506,DELAWARE CITY REFINING CO LLC,PBF ENERGY CO LLC,Delaware City,Delaware,1,180,104.6,86,24,0,43,18.5,180.3,54.5,0,EIA-820 Refinery Capacity Report,As of Jan. 1 2021,39.587733,-75.631323,1,-75.631323,39.58773300000001
110,507,Motiva Enterprises LLC,SAUDI ARAMCO,Port Arthur,Texas,3,639.7,331.8,92.6,112,0,129.5,69.6,559.7,178,0,EIA-820 Refinery Capacity Report,As of Jan. 1 2021,29.884891,-93.960709,1,-93.96070899999997,29.88489099999996
111,510,CALCASIEU REFINING CO,TRANSWORLD OIL USA INC,Lake Charles,Louisiana,3,137,36,0,0,0,0,0,0,0,0,EIA-820 Refinery Capacity Report,As of Jan. 1 2021,30.132389,-93.320068,0,-93.32006799999999,30.132389000000014
112,512,SOUTH HAMPTON RESOURCES INC,TEXAS OIL & CHEMICAL CO,Silsbee,Texas,3,0,0,0,0,0,5.2,4.4,15,0,0,EIA-820 Refinery Capacity Report,As of Jan. 1 2021,30.398348,-94.228208,0,-94.228208,30.398348
113,517,VALERO REFINING NEW ORLEANS LLC,VALERO ENERGY CORP,Norco,Louisiana,3,220,180,100,113,0,25,48,195,86,0,EIA-820 Refinery Capacity Report,As of Jan. 1 2021,30.002368,-90.423202,1,-90.42320199999999,30.002368000000004
114,523,UNITED REFINING CO,RED APPLE GROUP INC,Warren,Pennsylvania,1,70,40,26,0,0,14,13,53,0,22,EIA-820 Refinery Capacity Report,As of Jan. 1 2021,41.832187,-79.128024,1,-79.12802399999997,41.832187000000005
115,525,LAZARUS ENERGY LLC,BLUE DOLPHIN ENERGY CO,Nixon,Texas,3,15,0,0,0,0,0,0,0,0,0,EIA-820 Refinery Capacity Report,As of Jan. 1 2021,29.261622,-97.787248,0,-97.78724799999999,29.261622000000038
116,526,PDV Midwest Refining LLC,PDV AMERICA INC,Lemont,Illinois,2,188.7,77.2,69.5,0,0,35.8,23,229,41.2,0,EIA-820 Refinery Capacity Report,As of Jan. 1 2021,41.655625,-88.04655,1,-88.04654999999998,41.65562500000006
117,528,MARATHON PETROLEUM CO LP,MARATHON PETROLEUM CORP,Detroit,Michigan,2,147,89,44,0,0,21.5,7.5,133.5,36.5,32,EIA-820 Refinery Capacity Report,As of Jan. 1 2021,42.2837,-83.158493000000007,1,-83.158492999999993,42.283700000000024
118,530,MARATHON PETROLEUM CO LP,MARATHON PETROLEUM CORP,Garyville,Louisiana,3,608,297.5,146,130,0,137,87.5,606.5,103,33,EIA-820 Refinery Capacity Report,As of Jan. 1 2021,30.060139,-90.595952,1,-90.595952,30.060139000000028
119,531,MARATHON PETROLEUM CO LP,MARATHON PETROLEUM CORP,Robinson,Illinois,2,266,76,54.5,44,0,82,28.5,200,30.5,0,EIA-820 Refinery Capacity Report,As of Jan. 1 2021,38.997284,-87.715851,1,-87.715851,38.99728400000004
120,538,HUNT SOUTHLAND REFINING CO,HUNT CONSLD INC,Sandersville,Mississippi,3,12.5,6.9,0,0,0,0,0,0,0,6.1,EIA-820 Refinery Capacity Report,As of Jan. 1 2021,31.814884,-89.009189,1,-89.00918899999999,31.81488400000003
121,550,LUNDAY THAGARD CO,WORLD OIL CO,South Gate,California,5,10,5,0,0,0,0,0,0,0,3.8,EIA-820 Refinery Capacity Report,As of Jan. 1 2021,33.946372,-118.166647,0,-118.16664699999997,33.94637199999997
122,2468,Silver Eagle Refining,SILVER EAGLE REFINING INC,Evanston,Wyoming,4,3.4,0,0,0,0,2.9,0,4,0,0,EIA-820 Refinery Capacity Report,As of Jan. 1 2021,41.261142,-110.806321,0,-110.80632099999995,41.26114199999998
123,3008,GOODWAY REFINING LLC,GOODWAY REFINING LLC,Atmore,Alabama,3,5,0,0,0,0,0,0,0,0,0,EIA-820 Refinery Capacity Report,As of Jan. 1 2021,31.072,-87.363,0,-87.36299999999999,31.072000000000035
124,3109,EXCEL PARALUBES,EXCEL PARALUBES,Westlake,Louisiana,3,0,0,0,43,0,0,0,0,0,0,EIA-820 Refinery Capacity Report,As of Jan. 1 2021,30.188295,-93.339019,0,-93.33901899999998,30.188295000000068
125,3215,EQUISTAR CHEMICALS LP,ACCESS INDUSTRIES,Channelview,Texas,3,0,0,0,0,0,0,22.4,0,0,0,EIA-820 Refinery Capacity Report,As of Jan. 1 2021,29.82338,-95.113566,0,-95.113566,29.823380000000046
126,4998,KINDER MORGAN CRUDE & CONDENSATE,KINDER MORGAN ENERGY PTNRS LP,Galena Park,Texas,3,100,0,0,0,0,0,0,0,0,0,EIA-820 Refinery Capacity Report,As of Jan. 1 2021,29.733018,-95.219682,0,-95.21968200000003,29.733018000000058
127,5037,PETROMAX REFINING CO LLC,PETROMAX REFINING CO LLC,Houston,Texas,3,27.5,0,0,0,0,0,0,0,0,0,EIA-820 Refinery Capacity Report,As of Jan. 1 2021,29.75377,-95.123221,0,-95.123221,29.753770000000028
128,5048,BUCKEYE TEXAS PROCESSING LLC,BUCKEYE PARTNERS LP,Corpus Christi,Texas,3,65,0,0,0,0,0,0,0,0,0,EIA-820 Refinery Capacity Report,As of Jan. 1 2021,27.817895,-97.505532,0,-97.50553199999999,27.817895000000046
129,5082,MAGELLAN TERMINAL HOLDINGS LP,MAGELLAN MIDSTREAM PARTNERS LP,Corpus Christi,Texas,3,50,0,0,0,0,0,0,0,0,0,EIA-820 Refinery Capacity Report,As of Jan. 1 2021,27.806936,-97.439103,0,-97.439103,27.806935999999972
130,5199,HARTREE CHANNELVIEW LLC,HARTREE PARTNERS LP,Channelview,Texas,3,38,0,0,0,0,0,0,0,0,0,EIA-820 Refinery Capacity Report,As of Jan. 1 2021,29.7646,-95.103,0,-95.10299999999998,29.764600000000016
131,5315,LIMETREE BAY REFINING LLC,LIMETREE BAY HOLDINGS LLC,Kingshill,Virgin Islands,6,180,90,0,0,0,46,0,282,62,0,EIA-820 Refinery Capacity Report,As of Jan. 1 2021,17.70857,-64.74876,1,-64.74875999999998,17.708570000000012
